{
  "token_acc": 0.997952498,
  "token_p": 0.9844389844,
  "token_r": 0.9896058454,
  "token_f": 0.9870156531,
  "pos_acc": 0.9712960577,
  "morph_acc": 0.9635623357,
  "morph_micro_p": 0.9856256527,
  "morph_micro_r": 0.9775191909,
  "morph_micro_f": 0.9815556847,
  "morph_per_feat": {
    "Definite": {
      "p": 0.9883040936,
      "r": 0.9868613139,
      "f": 0.9875821768
    },
    "Number": {
      "p": 0.9914893617,
      "r": 0.9865611193,
      "f": 0.9890191012
    },
    "PronType": {
      "p": 0.994204765,
      "r": 0.98784389,
      "f": 0.9910141207
    },
    "Gender": {
      "p": 0.9804325438,
      "r": 0.9731663685,
      "f": 0.9767859433
    },
    "Mood": {
      "p": 0.9673913043,
      "r": 0.9484902309,
      "f": 0.9578475336
    },
    "Person": {
      "p": 0.9897567222,
      "r": 0.972327044,
      "f": 0.980964467
    },
    "Tense": {
      "p": 0.9677754678,
      "r": 0.9509703779,
      "f": 0.9592993302
    },
    "VerbForm": {
      "p": 0.9848229342,
      "r": 0.9668874172,
      "f": 0.9757727652
    },
    "NumType": {
      "p": 0.9964912281,
      "r": 0.9692832765,
      "f": 0.9826989619
    },
    "Reflex": {
      "p": 0.9777777778,
      "r": 1.0,
      "f": 0.9887640449
    },
    "Voice": {
      "p": 0.9145299145,
      "r": 0.9553571429,
      "f": 0.9344978166
    },
    "Poss": {
      "p": 1.0,
      "r": 1.0,
      "f": 1.0
    },
    "Polarity": {
      "p": 1.0,
      "r": 0.9882352941,
      "f": 0.9940828402
    }
  },
  "sents_p": 0.8990384615,
  "sents_r": 0.9077669903,
  "sents_f": 0.9033816425,
  "dep_uas": 0.8963880528,
  "dep_las": 0.8587466003,
  "dep_las_per_type": {
    "det": {
      "p": 0.9845904298,
      "r": 0.9798224374,
      "f": 0.9822006472
    },
    "nsubj": {
      "p": 0.8544152745,
      "r": 0.8626506024,
      "f": 0.8585131894
    },
    "aux:tense": {
      "p": 0.9677419355,
      "r": 0.96,
      "f": 0.9638554217
    },
    "root": {
      "p": 0.8698795181,
      "r": 0.8762135922,
      "f": 0.8730350665
    },
    "obj": {
      "p": 0.880733945,
      "r": 0.8545994065,
      "f": 0.8674698795
    },
    "cc": {
      "p": 0.8904109589,
      "r": 0.8986175115,
      "f": 0.8944954128
    },
    "case": {
      "p": 0.9695945946,
      "r": 0.977520436,
      "f": 0.973541384
    },
    "obl:mod": {
      "p": 0.6889632107,
      "r": 0.6149253731,
      "f": 0.6498422713
    },
    "nmod": {
      "p": 0.8068181818,
      "r": 0.8511488511,
      "f": 0.8283908605
    },
    "conj": {
      "p": 0.5555555556,
      "r": 0.5511811024,
      "f": 0.5533596838
    },
    "nummod": {
      "p": 0.9130434783,
      "r": 0.8698224852,
      "f": 0.8909090909
    },
    "amod": {
      "p": 0.9252336449,
      "r": 0.9016393443,
      "f": 0.9132841328
    },
    "acl": {
      "p": 0.7023809524,
      "r": 0.6820809249,
      "f": 0.6920821114
    },
    "mark": {
      "p": 0.8712446352,
      "r": 0.8942731278,
      "f": 0.8826086957
    },
    "xcomp": {
      "p": 0.8551724138,
      "r": 0.821192053,
      "f": 0.8378378378
    },
    "flat:name": {
      "p": 0.8952380952,
      "r": 0.8952380952,
      "f": 0.8952380952
    },
    "cop": {
      "p": 0.8723404255,
      "r": 0.9111111111,
      "f": 0.8913043478
    },
    "advmod": {
      "p": 0.8737864078,
      "r": 0.8463949843,
      "f": 0.8598726115
    },
    "obl:arg": {
      "p": 0.6958525346,
      "r": 0.6863636364,
      "f": 0.6910755149
    },
    "appos": {
      "p": 0.511627907,
      "r": 0.5301204819,
      "f": 0.5207100592
    },
    "nsubj:pass": {
      "p": 0.8152173913,
      "r": 0.8823529412,
      "f": 0.8474576271
    },
    "aux:pass": {
      "p": 0.9642857143,
      "r": 0.9642857143,
      "f": 0.9642857143
    },
    "acl:relcl": {
      "p": 0.6455696203,
      "r": 0.5930232558,
      "f": 0.6181818182
    },
    "advcl": {
      "p": 0.4941176471,
      "r": 0.5384615385,
      "f": 0.5153374233
    },
    "fixed": {
      "p": 0.8172043011,
      "r": 0.76,
      "f": 0.7875647668
    },
    "dep": {
      "p": 0.2941176471,
      "r": 0.5172413793,
      "f": 0.375
    },
    "expl:subj": {
      "p": 0.8064516129,
      "r": 0.78125,
      "f": 0.7936507937
    },
    "expl:comp": {
      "p": 0.6511627907,
      "r": 0.9333333333,
      "f": 0.7671232877
    },
    "expl:pass": {
      "p": 0.5,
      "r": 0.1428571429,
      "f": 0.2222222222
    },
    "obl:agent": {
      "p": 0.875,
      "r": 0.8333333333,
      "f": 0.8536585366
    },
    "ccomp": {
      "p": 0.649122807,
      "r": 0.7254901961,
      "f": 0.6851851852
    },
    "parataxis": {
      "p": 0.4761904762,
      "r": 0.3571428571,
      "f": 0.4081632653
    },
    "iobj": {
      "p": 0.7857142857,
      "r": 0.44,
      "f": 0.5641025641
    },
    "nsubj:caus": {
      "p": 0.0,
      "r": 0.0,
      "f": 0.0
    },
    "aux:caus": {
      "p": 0.0,
      "r": 0.0,
      "f": 0.0
    },
    "obj:agent": {
      "p": 0.0,
      "r": 0.0,
      "f": 0.0
    },
    "goeswith": {
      "p": 0.0,
      "r": 0.0,
      "f": 0.0
    },
    "vocative": {
      "p": 1.0,
      "r": 0.625,
      "f": 0.7692307692
    },
    "dislocated": {
      "p": 0.0,
      "r": 0.0,
      "f": 0.0
    },
    "flat:foreign": {
      "p": 0.8,
      "r": 0.5714285714,
      "f": 0.6666666667
    },
    "orphan": {
      "p": 0.0,
      "r": 0.0,
      "f": 0.0
    },
    "advcl:cleft": {
      "p": 0.0,
      "r": 0.0,
      "f": 0.0
    },
    "csubj": {
      "p": 0.0,
      "r": 0.0,
      "f": 0.0
    }
  },
  "tag_acc": 0.9426436485,
  "lemma_acc": 0.912351007,
  "ents_p": 0.832594613,
  "ents_r": 0.8309114927,
  "ents_f": 0.8317522014,
  "ents_per_type": {
    "PER": {
      "p": 0.8939447219,
      "r": 0.9107258007,
      "f": 0.9022572402
    },
    "LOC": {
      "p": 0.8387774437,
      "r": 0.8517945286,
      "f": 0.8452358716
    },
    "ORG": {
      "p": 0.7698179683,
      "r": 0.7505725191,
      "f": 0.760073437
    },
    "MISC": {
      "p": 0.7204283887,
      "r": 0.6570928707,
      "f": 0.687304613
    }
  },
  "speed": 3622.2183384149
}